Model,R² Score,RMSE,MAE,MAPE,Cross-Val R²
Linear Regression,0.7833463107364539,5799.587091438356,4186.508898366432,47.093029527295556,0.73394292442297
Ridge Regression,0.7830849126391299,5803.084710238366,4198.141005321734,47.31967588597486,0.7339717730407143
Lasso Regression,0.7833197155138745,5799.943043319269,4187.244900210654,47.11405711494283,0.7339589861703115
Decision Tree,0.7386893911399199,6369.31240801316,3064.9602491604624,37.435688093891464,0.7139841940019402
Random Forest,0.8642010193487435,4591.581370724411,2533.860054401711,30.284392790006454,0.8257714036927725
XGBoost,0.8737718732268553,4426.822399883858,2445.7743748322937,30.66819490056936,0.8124917984143757
SVR,-0.06821813183902203,12877.868997800848,8599.328962388287,112.85445126665785,-0.09781367304554589
